split_order,rel_l2,rel_linf,warm_solve_seconds,pct_improve_vs_prev
1,9.7255541894592556e-05,1.1799714666578592e-04,0.510911786,
2,1.0935844837595799e-06,1.6196557772052989e-06,0.633301759,98.875556
3,7.8194915796982826e-07,8.6865266137550829e-07,0.761554733,28.496685
4,7.7843748037348578e-07,8.6378384060839754e-07,0.888986640,0.449093
5,7.7866453250772027e-07,8.6524308125555957e-07,1.014051377,-0.029168
6,7.7836633945243133e-07,8.6397861902575854e-07,1.625320747,0.038295
