split_order,rel_l2,rel_linf,warm_solve_seconds,pct_improve_vs_prev
1,6.3205607793585944e-03,4.5639985025508695e-03,7.320068806,
2,5.2542570774341425e-03,3.2351104740013206e-03,7.397689968,16.870397
3,5.2400087294665410e-03,3.2085966954606086e-03,7.590962904,0.271177
4,5.2362727957912776e-03,3.2110130287307964e-03,7.431590035,0.071296
5,5.2456943174154025e-03,3.2019432245559915e-03,7.527081621,-0.179928
6,5.2424474829832002e-03,3.2061051479825588e-03,7.692176729,0.061895
